Company Name,Company Headquarter Location,Followers,Job Info
Amazon,"Software Development • Seattle, WA",31M followers,31 people from your school were hired here
Microsoft,"Software Development • Redmond, Washington",22M followers,18 people from your school were hired here
Google,"Software Development • Mountain View, CA",33M followers,10 people from your school were hired here
LinkedIn,"Software Development • Sunnyvale, CA",26M followers,1 person from your school was hired here
Meta,"Software Development • Menlo Park, CA",10M followers,4 people from your school were hired here
PayPal,"Software Development • San Jose, CA",1M followers,2 people from your school were hired here
HackerRank,"Software Development • Mountain View, California",1M followers,10 jobs
Amdocs,"Software Development • Chesterfield, MO",1M followers,24 people from your school were hired here
GlobalLogic,"Software Development • Santa Clara, CA",868K followers,3 people from your school were hired here
Snowflake,Software Development • The Cloud,801K followers,612 jobs
Infor,"Software Development • New York, NY",837K followers,227 jobs
MongoDB,"Software Development • New York, NY",727K followers,462 jobs
VMware,"Software Development • Palo Alto, CA",2M followers,88 jobs
Databricks,"Software Development • San Francisco, CA",630K followers,466 jobs
Twitter,"Software Development • San Francisco, CA",2M followers,
Nutanix,"Software Development • San Jose, California",473K followers,4 people from your school were hired here
Motive,"Software Development • San Francisco, California",484K followers,111 jobs
Snap Inc.,"Software Development • Santa Monica, California",425K followers,213 jobs
Elastic,"Software Development • San Francisco, California",410K followers,1 person from your school was hired here
Akamai Technologies,"Software Development • Cambridge, MA",332K followers,160 jobs
ServiceNow,"Software Development • Santa Clara, CA",893K followers,2 people from your school were hired here
FICO,"Software Development • Bozeman, Montana",401K followers,120 jobs
"o9 Solutions, Inc.","Software Development • Dallas, Texas",384K followers,140 jobs
MathWorks,"Software Development • Natick, MA",388K followers,98 jobs
Twilio,"Software Development • San Francisco, California",325K followers,1 person from your school was hired here
Freshworks,"Software Development • San Mateo, California",821K followers,5 people from your school were hired here
Informatica,"Software Development • Redwood City, CA",290K followers,1 person from your school was hired here
Intuit,"Software Development • Mountain View, California",676K followers,1 person from your school was hired here
HighRadius,"Software Development • Houston, Texas",250K followers,1 person from your school was hired here
Thomson Reuters,"Software Development • Toronto, ON",2M followers,3 people from your school were hired here
Swiggy,Software Development,2M followers,2 people from your school were hired here
Celonis,"Software Development • New York City, New York",213K followers,1 person from your school was hired here
Qlik,"Software Development • King of Prussia, PA",234K followers,1 person from your school was hired here
"RealPage, Inc.","Software Development • Richardson, Texas",226K followers,224 jobs
Rockstar Games,"Computer Games • New York, New York",644K followers,97 jobs
Atlassian,"Software Development • Sydney, NSW",1M followers,2 people from your school were hired here
Notion,"Software Development • San Francisco, California",540K followers,99 jobs
Fanatics,"Technology, Information and Internet • New York, NY",157K followers,2 people from your school were hired here
Altimetrik,"Software Development • Southfield, MI",193K followers,24 jobs
Meltwater,"Software Development • San Francisco, California",189K followers,63 jobs
Sprinklr,"Software Development • New York, NY",482K followers,140 jobs
Veritas Technologies LLC,"Software Development • Santa Clara, California",173K followers,1 person from your school was hired here
Zeta,"Software Development • San Francisco, California",171K followers,93 jobs
ZoomInfo,"Software Development • Vancouver, Washington",145K followers,1 person from your school was hired here
Postman,"Software Development • San Francisco, California",443K followers,1 person from your school was hired here
Uber Engineering,"Software Development • San Francisco, CA",179K followers,Page by Uber
Commvault,"Data Security Software Products • Tinton Falls, NJ",141K followers,84 jobs
Zycus,"Software Development • Princeton, NJ",401K followers,3 people from your school were hired here
Teradata,"Software Development • San Diego, California",373K followers,11 people from your school were hired here
Tripadvisor,"Software Development • Needham, MA",392K followers,259 jobs
OutSystems,"Software Development • Boston, MA",142K followers,17 jobs
Cvent,"Software Development • Tysons Corner, VA",351K followers,168 jobs
Diverse Lynx,"Software Development • Princeton, New Jersey",118K followers,17K jobs
Manhattan Associates,"Software Development • Atlanta, GA",124K followers,1 person from your school was hired here
Medallia,"Software Development • Pleasanton, California",120K followers,57 jobs
Pegasystems,"Software Development • Cambridge, MA",325K followers,121 jobs
Grab,"Software Development • Singapore, Singapore",804K followers,287 jobs
Gainsight,"Software Development • San Francisco, California",121K followers,9 jobs
Walmart Global Tech,"Software Development • Bentonville, Arkansas",309K followers,8 people from your school were hired here
SailPoint,"Software Development • Austin, Texas",106K followers,1 person from your school was hired here
Arista Networks,"Computer Networking Products • Santa Clara, California",319K followers,1 person from your school was hired here
Birdeye,"Software Development • Palo Alto, California",321K followers,25 jobs
Simplify Healthcare,"Software Development • Aurora, Illinois",124K followers,14 jobs
GE Digital,"Software Development • San Ramon, California",305K followers,266 jobs
Fivetran,"Software Development • Oakland, California",102K followers,88 jobs
OneTrust,"Software Development • Atlanta, Georgia",290K followers,121 jobs
Nasdaq Calypso Technology,"Software Development • San Francisco, CA",120K followers,104 jobs
QAD,"Software Development • Santa Barbara, CA",116K followers,1 person from your school was hired here
Genesys,"Software Development • Menlo Park, CA",262K followers,417 jobs
SS&C Blue Prism,"Software Development • Windsor, Connecticut",116K followers,2 jobs
Automation Anywhere,"Software Development • San Jose, CA",260K followers,19 jobs
iCIMS,"Software Development • Holmdel, New Jersey",101K followers,31 jobs
Yext,"Software Development • New York, NY",260K followers,21 jobs
Trimble Inc.,"Software Development • Westminster, CO",251K followers,487 jobs
Accolite,"Software Development • Addison, TX",264K followers,4 people from your school were hired here
InfoBeans,"Software Development • Danville, California",97K followers,11 jobs
Cloudera,"Software Development • Santa Clara, California",252K followers,1 person from your school was hired here
SurveySparrow,"Software Development • Palo Alto, California",95K followers,11 jobs
Zynga,"Computer Games • San Francisco, California",245K followers,1 person from your school was hired here
Boomi,"Software Development • Conshohocken, Pennsylvania",74K followers,83 jobs
Bentley Systems,"Software Development • Exton, PA",235K followers,291 jobs
Tricentis,"Software Development • Austin, Texas",84K followers,170 jobs
Zoho,"Software Development • Chennai, Tamil Nadu",2M followers,13 jobs
Axtria - Ingenious Insights,"Software Development • Berkeley Heights, NJ",223K followers,2 people from your school were hired here
Bottomline,"Software Development • Portsmouth, NH",232K followers,75 jobs
Druva,"Software Development • Santa Clara, California",83K followers,31 jobs
MetricStream,"Software Development • San Jose, California",88K followers,6 jobs
G-P,Software Development • Remote First Company,220K followers,35 jobs
Signzy,"Software Development • New York City, New York",83K followers,7 jobs
Calsoft,"Software Development • San Jose, California",81K followers,7 jobs
Chegg Inc.,"Software Development • Santa Clara, CA",197K followers,87 jobs
project44,"Software Development • Chicago, IL",74K followers,55 jobs
Dialpad,"Software Development • San Ramon, California",66K followers,62 jobs
Blue Yonder,"Software Development • Scottsdale, Arizona",178K followers,414 jobs
IDEMIA,"Software Development • Courbevoie, Ile de France",537K followers,312 jobs
Saama,"Software Development • Campbell, CA",77K followers,13 jobs
[24]7.ai,"Software Development • San Jose, California",194K followers,16 jobs
PTW,"Computer Games • Marina del Rey, California",205K followers,246 jobs
Smarsh,"Software Development • Portland, OR",73K followers,63 jobs
Avalara,"Software Development • Seattle, Washington",163K followers,1 person from your school was hired here
JFrog,"Software Development • Sunnyvale, CA",56K followers,95 jobs
TIBCO,"Software Development • Santa Clara, California",193K followers,4 people from your school were hired here
Altair,"Software Development • Troy, MI",175K followers,273 jobs
"Riskonnect, Inc.","Software Development • Atlanta, GA",72K followers,6 jobs
Eventbrite,"Software Development • San Francisco, California",178K followers,35 jobs
Whatfix,"Software Development • San Jose, CA",175K followers,1 person from your school was hired here
Rippling,"Software Development • San Francisco, CA",124K followers,318 jobs
Ubisoft,"Computer Games • Saint-Mandé, Île-de-France",1M followers,3 people from your school were hired here
Progress,"Software Development • Burlington, Massachusetts",59K followers,28 jobs
Gigamon,"Software Development • Santa Clara, CA",62K followers,94 jobs
Clari,"Software Development • Sunnyvale, CA",56K followers,32 jobs
CSG,"Software Development • Englewood, Colorado",150K followers,1 person from your school was hired here
"FourKites, Inc.","Software Development • Chicago, Illinois",64K followers,7 jobs
Kore.ai,"Software Development • Orlando, Florida",57K followers,7 jobs
Conviva,"Software Development • Foster City, CA",68K followers,40 jobs
Cornerstone OnDemand,"Software Development • Santa Monica, CA",133K followers,4 people from your school were hired here
Livspace,Software Development • Singapore,431K followers,185 jobs
Ola,"Software Development • Bengaluru, Karnataka",1M followers,2 people from your school were hired here
BlackLine,"Software Development • Woodland Hills, CA",142K followers,94 jobs
Couchbase,"Software Development • Santa Clara, California",47K followers,47 jobs
New Relic,"Software Development • San Francisco, CA",126K followers,300 jobs
ACI Worldwide,"Software Development • Coral Gables, Florida",143K followers,1 person from your school was hired here
Walmart Global Tech India,"Software Development • Bangalore, Karnataka",1M followers,3 people from your school were hired here
Allscripts,"Software Development • Chicago, IL",144K followers,1 person from your school was hired here
Bosch Global Software Technologies,"Software Development • Bangalore, Karnataka",1M followers,6 people from your school were hired here
Kissflow,"Software Development • Wilmington, Delaware",141K followers,
Epicor,"Software Development • Austin, TX",128K followers,141 jobs
e2open,"Software Development • Austin, TX",133K followers,71 jobs
Aricent,"Software Development • Santa Clara, CA",136K followers,
inFeedo,"Software Development • New York, NY",41K followers,2 jobs
Icertis,"Software Development • Bellevue, WA",118K followers,1 person from your school was hired here
Vertex Inc.,"Software Development • King of Prussia, PA",39K followers,47 jobs
Khoros,"Software Development • Austin, Texas",129K followers,9 jobs
Entrust,"Software Development • Minneapolis, MN",121K followers,99 jobs
ThoughtSpot,"Software Development • Mountain View, California",116K followers,35 jobs
Coupa Software,"Software Development • San Mateo, CA",110K followers,43 jobs
Mindtickle,"Software Development • San Francisco, California",119K followers,1 person from your school was hired here
Egnyte,"Software Development • Mountain View, CA",124K followers,1 person from your school was hired here
Disney+ Hotstar,"Software Development • Mumbai, Maharashtra",876K followers,41 jobs
Ivanti,"Software Development • South Jordan, UT",113K followers,86 jobs
Temenos,"Software Development • Lancy, Geneva",306K followers,50 jobs
Intellect Design Arena Ltd,"Software Development • Chennai, Tamil Nadu",312K followers,5 people from your school were hired here
Tekion Corp,"Software Development • Pleasanton, California",101K followers,54 jobs
Sirion,"Software Development • Bellevue, Washington",116K followers,5 jobs
Smart IT Frame LLC,"Software Development • Somerset, New Jersey",119K followers,55 jobs
Optym,"Software Development • Dallas, Texas",119K followers,1 person from your school was hired here
Sitecore,"Software Development • San Francisco, California",102K followers,88 jobs
ArisGlobal,"Software Development • Waltham, Massachusetts",108K followers,7 jobs
Brocade,"Computer Networking Products • San Jose, CA",114K followers,
Riverbed Technology,"Software Development • San Francisco, California",104K followers,1 person from your school was hired here
Ping Identity,"Software Development • Denver, CO",102K followers,58 jobs
Precisely,"Software Development • Burlington, Massachusetts",87K followers,82 jobs
Razorpay,"Software Development • Bangalore, Karnataka",726K followers,81 jobs
Hyland,"Software Development • Westlake, OH",89K followers,1 person from your school was hired here
Leena AI,"Software Development • New York City, New York",99K followers,39 jobs
3Pillar Global,"Software Development • Fairfax, VA",105K followers,72 jobs
Flexera,"Software Development • Itasca, Illinois",100K followers,25 jobs
Board,"Software Development • Boston, Massachusetts",103K followers,41 jobs
Yardi,"Software Development • Santa Barbara, CA",86K followers,15 jobs
Quantive,"Software Development • Denver, Colorado",37K followers,5 jobs
Newfold Digital,"Software Development • Jacksonville, Florida",95K followers,2 people from your school were hired here
"Enterprise Minds, Inc","Software Development • San Ramon, California",39K followers,10 jobs
Navan,"Software Development • Palo Alto, California",74K followers,78 jobs
Kronos Incorporated,"Software Development • Lowell, MA",97K followers,
Xsolla,"Computer Games • Sherman Oaks, CA",26K followers,79 jobs
RMS,"Software Development • Newark, California",94K followers,
Seclore,"Data Security Software Products • Santa Clara, California",97K followers,2 people from your school were hired here
Weave,"Software Development • Lehi, Utah",30K followers,10 jobs
LogicMonitor,"Software Development • Santa Barbara, CA",86K followers,1 person from your school was hired here
Hortonworks,"Software Development • Santa Clara, California",98K followers,
Plivo,"Software Development • Austin, Texas",52K followers,25 jobs
HealthEdge,"Software Development • Burlington, MA",81K followers,42 jobs
Yalo,"Software Development • California, San Francisco",94K followers,13 jobs
Corra,Software Development • New York,96K followers,1 job
YML,"Software Development • Redwood City, CA",92K followers,7 jobs
Envestnet | Yodlee India,"Software Development • Redwood City, CA",92K followers,12 jobs
"Cradlepoint, part of Ericsson","Computer Networking Products • Boise, Idaho",83K followers,67 jobs
AVASOFT,"Software Development • Blue Bell, Pennsylvania",25K followers,3 jobs
ElectrifAi,"Software Development • Jersey City, New Jersey",35K followers,
Aurigo Software Technologies,"Software Development • Austin, Texas",31K followers,11 jobs
"MaxVal Group, Inc.","Software Development • Los Altos, California",33K followers,9 jobs
Reltio,"Software Development • Redwood Shores, CA",54K followers,7 jobs
Joveo,"Software Development • Menlo Park, California",82K followers,11 jobs
AlphaSense,"Software Development • New York, New York",55K followers,109 jobs
Phenom,"Software Development • Ambler, PA",70K followers,61 jobs
Talend,"Software Development • San Mateo, California",82K followers,
Zinnia,"Software Development • Greenwich, CT",85K followers,51 jobs
Traveloka,"Software Development • Singapore, Singapore",563K followers,358 jobs
Cactus Communications,"Software Development • Mumbai, Maharashtra",545K followers,352 jobs
NETSCOUT,"Software Development • Westford, MA",76K followers,1 job
Hudl,"Software Development • Lincoln, NE",69K followers,3 people from your school were hired here
Velocity Global,"Software Development • Denver, CO",60K followers,34 jobs
MRI Software,"Software Development • Solon, OH",62K followers,88 jobs
Sense,"Software Development • San Francisco, California",76K followers,6 jobs
"Wiser Solutions, Inc.","Software Development • San Mateo, CA",79K followers,11 jobs
Charles River Development,"Software Development • Burlington, MA",25K followers,70 jobs
VeriPark,Software Development • London,205K followers,64 jobs
Mendix,"Software Development • Boston, Massachusetts",69K followers,69 jobs
Axis Communications,"Computer Networking Products • Lund, Skåne",192K followers,66 jobs
DevRev,Software Development • Palo Alto,18K followers,10 jobs
Atlan,Software Development • New York,62K followers,1 person from your school was hired here
Demandbase,"Software Development • San Francisco, CA",57K followers,23 jobs
Blankfactor,"Software Development • Miami, Florida",27K followers,25 jobs
Zenoti,"Software Development • Bellevue, Washington",69K followers,1 person from your school was hired here
MSys Technologies,"Software Development • Atlanta, GA",69K followers,1 job
PDI Technologies,"Software Development • Alpharetta, Georgia",72K followers,41 jobs
KPIT,"Software Development • Pune, Maharashtra",481K followers,6 people from your school were hired here
Socure,"Software Development • Incline Village, Nevada",24K followers,5 jobs
Soroco,"Software Development • Boston, Massachusetts",64K followers,10 jobs
CodeChef,"Software Development • MUMBAI, MAHARASHTRA",523K followers,
OpenText,"Software Development • Waterloo, ON",389K followers,979 jobs
UNIFY Dots,"Software Development • Seattle, Washington",27K followers,10 jobs
Bloomreach,"Software Development • Mountain View, California",58K followers,54 jobs
Perforce Software,"Software Development • Minneapolis, MN",22K followers,25 jobs
"Chetu, Inc.","Software Development • Sunrise, Florida",55K followers,
Bazaarvoice,"Software Development • Austin, Texas",59K followers,81 jobs
eGain Corporation,"Software Development • Sunnyvale, CA",66K followers,1 person from your school was hired here
"DIGITAL HARBOR, Inc.","Software Development • McLean, Virginia",70K followers,2 jobs
Innovapptive Inc,"Mobile Computing Software Products • Houston, Texas",68K followers,33 jobs
Instabase,Software Development • San Francisco,65K followers,14 jobs
iManage,"Software Development • Chicago, Illinois",62K followers,43 jobs
LocoNav,"Software Development • San Francisco, California",67K followers,2 jobs
NetBrain Technologies Inc.,"Software Development • Burlington, Massachusetts",24K followers,21 jobs
Calix,"Software Development • San Jose, California",58K followers,70 jobs
"Plex, by Rockwell Automation","Software Development • Troy, MI",24K followers,
Acoustic,"Software Development • Conway, Arkansas",63K followers,21 jobs
Muvi.com,"Software Development • Ashburn, Virginia",65K followers,"Keep it Secure, Keep it Safe: Tips and Techniques to Protect Video Content"
Denodo,"Software Development • Palo Alto, CA",59K followers,80 jobs
CAST,"Software Development • New York, NY",64K followers,8 jobs
Cyara,"Software Development • Redwood City, California",21K followers,16 jobs
Aryaka,"Software Development • Santa Clara, California",59K followers,16 jobs
Algonomy,"Software Development • San Francisco, California",66K followers,
Aspect Software,"Software Development • Westford, Massachusetts",65K followers,
Xactly Corp,"Software Development • Los Gatos, California",55K followers,27 jobs
Prime Focus Technologies,"Software Development • Los Angeles, California",61K followers,1 person from your school was hired here
Keywords Studios,"Computer Games • Dublin, Ireland",145K followers,371 jobs
Kinaxis,"Software Development • Ottawa, Ontario",154K followers,26 jobs
LogMeIn,"Software Development • Boston, Massachusetts",61K followers,
EA SPORTS,Computer Games • Vancouver,164K followers,125 jobs
Liferay,"Software Development • Diamond Bar, CA",56K followers,32 jobs
Blume Global,"Software Development • Pleasanton, California",62K followers,
SpotDraft,Software Development • New York,60K followers,12 jobs
Securonix,"Software Development • Addison, Texas",54K followers,5 jobs
Clearwater Analytics,"Software Development • Boise, Idaho",48K followers,101 jobs
HCLSoftware,"Software Development • Noida, Uttar Pradesh",416K followers,2 people from your school were hired here
Eptura,"Software Development • Atlanta, Georgia",57K followers,12 jobs
OEC,"Software Development • Fairlawn, Ohio",55K followers,62 jobs
OpenGov Inc.,"Software Development • San Jose, CA",50K followers,94 jobs
Incture,"Software Development • Pittsburgh, Pittsburgh,",54K followers,4 jobs
IBS Software,Software Development • Singapore,135K followers,11 jobs
ITILITE,"Software Development • Claymont, Delaware",59K followers,15 jobs
Vistex,"Software Development • Hoffman Estates, IL",52K followers,1 person from your school was hired here
Kofax,"Software Development • Irvine, California",53K followers,58 jobs
Hughes Systique Corporation (HSC),"Software Development • Rockville, Maryland",18K followers,
Duck Creek Technologies,"Software Development • Boston, MA",49K followers,3 people from your school were hired here
Skit.ai,Software Development • New York,54K followers,20 jobs
TripActions,"Software Development • Palo Alto, California",56K followers,
Inovalon,"Software Development • Bowie, MD",40K followers,86 jobs
FarEye,"Software Development • Chicago, Illinois",52K followers,
e-Emphasys Technologies,"Software Development • Cary, North Carolina",55K followers,1 person from your school was hired here
Volante Technologies,"Software Development • Jersey City, New Jersey",16K followers,
Highspot,"Software Development • Seattle, Washington",39K followers,61 jobs
Stova,"Software Development • New York, New York",52K followers,6 jobs
Nuvolo,"Software Development • Wellesley , Massachusetts",48K followers,23 jobs
ValGenesis,"Software Development • Santa Clara, CA",48K followers,30 jobs
In Time Tec,"Software Development • Meridian, ID",42K followers,11 jobs
Mediaocean,"Software Development • New York, NY",45K followers,14 jobs
"Kony, Inc.","Software Development • Austin, TX",51K followers,
ZeOmega,"Software Development • Plano, TX",49K followers,2 jobs
Aisera,"Software Development • Palo Alto, CA",34K followers,34 jobs
KANINI,"Software Development • Nashville, Tennessee",42K followers,1 person from your school was hired here
Brightly,"Software Development • Cary, North Carolina",40K followers,33 jobs
Schrödinger,"Software Development • New York, New York",41K followers,58 jobs
EDB,"Software Development • Bedford, MA",37K followers,53 jobs
thinkbridge,"Software Development • Austin, Texas",40K followers,4 jobs
"Leapfrog Technology, Inc.","Software Development • Seattle, WA",42K followers,1 job
"COMSOL, Inc.","Software Development • Burlington, MA",47K followers,38 jobs
SmartBear,"Software Development • Somerville, MA",37K followers,51 jobs
Odoo,"Software Development • Louvain-la-Neuve, Walloon Region",268K followers,102 jobs
Disprz,"Software Development • West Orange, New Jersey",43K followers,7 jobs
Glu Mobile,"Computer Games • San Francisco, CA",45K followers,9 jobs
Haptik,"Software Development • New York, NY",42K followers,1 person from your school was hired here
Securly,"Software Development • San Jose, CA",14K followers,6 jobs
Vertafore,"Software Development • Denver, CO",35K followers,18 jobs
Command Alkon,"Software Development • Birmingham, AL",14K followers,3 jobs
ColorTokens Inc.,"Software Development • San Jose, California",43K followers,33 jobs
TraceLink,"Software Development • Wilmington, MA",36K followers,72 jobs
IRIS Software Group,"Software Development • Slough, Berkshire",102K followers,44 jobs
DataCore Software,"Software Development • Fort Lauderdale, Florida",15K followers,2 jobs
Cygnet Digital,"Software Development • Ahmedabad, Gujarat",103K followers,1 job
Operative,"Software Development • New York, NY",38K followers,4 jobs
Granicus,"Software Development • Denver, CO",32K followers,84 jobs
"Deque Systems, Inc","Software Development • Herndon, Virginia",41K followers,11 jobs
LeadSquared,"Software Development • Bangalore, Karnataka",269K followers,121 jobs
Model N,"Software Development • San Mateo, California",32K followers,40 jobs
symplr,"Software Development • Houston, Texas",32K followers,25 jobs
Locus,"Software Development • Milpitas, California",32K followers,14 jobs
Etraveli Group,"Software Development • Uppsala, Uppsala",98K followers,94 jobs
Agilysys,"Software Development • Alpharetta, Georgia",29K followers,37 jobs
Trend Micro,"Software Development • Tokyo, Japan",245K followers,2 people from your school were hired here
Ceipal,"Software Development • Rochester, New York",26K followers,1 job
Macrosoft,"Software Development • Bedminster, NJ",38K followers,14 jobs
DDN Storage,"Software Development • Chatsworth, CA",36K followers,36 jobs
SpanIdea Systems,"Software Development • Santa Clara, California",33K followers,116 jobs
Replicon,"Software Development • Calgary, Alberta",99K followers,2 people from your school were hired here
Odessa,"Software Development • Philadelphia, PA",31K followers,10 jobs
Evergent Technologies Inc.,"Software Development • Sunnyvale, CA",12K followers,
Tata CLiQ,"Software Development • Mumbai, Maharashtra",96K followers,2 people from your school were hired here
Esko,"Software Development • Ghent, Flemish Region",258K followers,104 jobs
BrowserStack,"Software Development • Dublin, Dublin",231K followers,1 person from your school was hired here
CallidusCloud,"Software Development • Dublin, CA",37K followers,
Mad Street Den,"Software Development • Redwood City, California",35K followers,1 job
Xybion Digital,"Software Development • Princeton, New Jersey",37K followers,11 jobs
Panamax Inc.,"Software Development • Garden City, New York",35K followers,1 job
Accruent,"Software Development • Austin, TX",28K followers,38 jobs
Cimpress India,"Software Development • Mumbai, Maharashtra",237K followers,3 people from your school were hired here
Instawork,"Software Development • San Francisco, California",25K followers,35 jobs
Logility,"Software Development • Atlanta, Georgia",12K followers,10 jobs
D-Link USA,"Computer Networking Products • Irvine, California",23K followers,
Litera,"Software Development • Chicago, Illinois",25K followers,61 jobs
Cover Genius,"Embedded Software Products • New York, NY",26K followers,33 jobs
"Alvaria, Inc.","Software Development • Atlanta, Georgia",32K followers,15 jobs
Cubic Transportation Systems,"Software Development • San Diego, CA",29K followers,
SimplifyVMS,"Software Development • Jersey City, NJ",32K followers,18 jobs
Cloud Software Group,"Software Development • Fort Lauderdale, FL",23K followers,186 jobs
Newgen Software,"Software Development • New Delhi, Delhi",204K followers,6 people from your school were hired here
VerSe Innovation,"Software Development • Bangalore, Karnataka",84K followers,19 jobs
"Netenrich, Inc.","Data Security Software Products • San Jose, California",29K followers,1 person from your school was hired here
Sumo Digital Ltd,"Computer Games • Sheffield, South Yorkshire",86K followers,1 person from your school was hired here
Magic Software Enterprises,"Software Development • Irvine, CA",10K followers,1 job
Aera Technology,"Software Development • Mountain View, California",29K followers,21 jobs
eQ Technologic,"Software Development • Costa Mesa, CA",29K followers,1 person from your school was hired here
Guavus,"Software Development • San Jose, CA",33K followers,
Xiaomi India,"Software Development • Bangalore, Karnataka",206K followers,152 jobs
CommerceIQ,"Software Development • Mountain View, California",27K followers,44 jobs
Digitate,"Software Development • Santa Clara, CA",10K followers,1 person from your school was hired here
WorkFusion,"Software Development • New York, NY",30K followers,
DataWeave,"Software Development • Bellevue, WA",30K followers,2 jobs
Moglix,Software Development • Singapore,72K followers,6 jobs
CRMNEXT,"Software Development • Raleigh, North Carolina",29K followers,2 people from your school were hired here
Coupang,"Software Development • Seoul, Seoul",162K followers,287 jobs
Sendbird,"Software Development • San Mateo, California",27K followers,11 jobs
Genetec,"Software Development • Montreal, QC",200K followers,91 jobs
Qualifacts,"Software Development • Nashville, Tennessee",25K followers,33 jobs
PropertyGuru Group,Software Development • Singapore,76K followers,44 jobs
"Azuga, Inc.","Software Development • San Jose, California",27K followers,
AiDash,"Software Development • San Jose, California",14K followers,104 jobs
Delphix,"Software Development • Redwood City, CA",25K followers,1 person from your school was hired here
Novigo Solutions,"Software Development • Dallas, Texas",23K followers,2 jobs
Zoho Recruit,"Software Development • Chennai, Tamil Nadu",196K followers,
Acqueon,"Software Development • Dallas, Texas",28K followers,17 jobs
PlanSource,"Software Development • Orlando, Florida",25K followers,7 jobs
Impact Analytics,"Software Development • Linthicum, Maryland",22K followers,15 jobs
Punchh,"Software Development • San Mateo, California",27K followers,
Infrrd | Intelligent Document Processing Solutions,"Software Development • San Jose, California",28K followers,2 jobs
Dash Technologies Inc,"Software Development • Dublin, Ohio",22K followers,4 jobs
Docyt,"Software Development • Santa Clara, CA",26K followers,26 jobs
Bahwan CyberTek,"Software Development • Chennai, Tamilnadu",61K followers,16 jobs
Quorum Software,"Software Development • Houston, TX",21K followers,59 jobs
Anju Software,"Software Development • Tempe, Arizona",26K followers,
Simpplr,"Software Development • Redwood City, California",21K followers,25 jobs
smartShift,"Software Development • Boston, MA",27K followers,5 jobs
IT America Inc,"Software Development • Edison, NJ",26K followers,6 jobs
iBase-t,"Software Development • Lake Forest, California",26K followers,8 jobs
SaaS Labs,"Software Development • Palo Alto, California",20K followers,19 jobs
Aptos Retail,"Software Development • Alpharetta, GA",24K followers,16 jobs
Increff,"Software Development • Ulster Park, New York",25K followers,3 jobs
"Coupa Supply Chain Solutions, powered by LLamasoft","Software Development • Ann Arbor, MI",28K followers,
Quickbase,"Software Development • Boston, Massachusetts",19K followers,24 jobs
Carousell Group,"Software Development • Singapore, Singapore",68K followers,47 jobs
TeamViewer,"Software Development • Göppingen, Baden-Württemberg",165K followers,267 jobs
Axxess,"Software Development • Dallas, Texas",24K followers,15 jobs
Sapiens,"Software Development • Holon, Israel",167K followers,1 person from your school was hired here
Sahaj Software,"Software Development • Newark, California",25K followers,1 job
antuit.ai,"Software Development • Dallas, Texas",26K followers,
OvalEdge,"Software Development • Alpharetta, Georgia",25K followers,6 jobs
MResult,"Software Development • Mystic, CT",21K followers,8 jobs
Kcloud Technologies - World of Cloud,"Software Development • San Diego, California",24K followers,
Nexthink,"Software Development • Prilly, Canton de Vaud",163K followers,1 person from your school was hired here
Click2Cloud Inc.,"Software Development • Bellevue, Washington",25K followers,
